"0","highest_delay <- dataset[order(-dataset$arr_delay),]"
"0","highest_delay$X <- NULL"
"0","highest_delay$year <- NULL"
"0","highest_delay$dep_time <- NULL"
"0","highest_delay$sched_dep_time <- NULL"
"0","highest_delay$arr_time <- NULL"
"0","highest_delay$sched_arr_time <- NULL"
"0","highest_delay$hour <- NULL"
"0","highest_delay$minute <- NULL"
"0","highest_delay$month <- NULL"
"0","highest_delay$day <- NULL"
"0","highest_delay$flight <- NULL"
"0","highest_delay$tailnum <- NULL"
"0",""
"0","print(head(highest_delay,10))"
