{"chunk_definitions":[{"row":11,"row_count":1,"visible":true,"expansion_state":0,"options":{},"document_id":"2B0F3FA8","chunk_id":"csetup_chunk","chunk_label":"setup"},{"row":33,"row_count":1,"visible":true,"expansion_state":0,"options":{"engine":"r","label":"setup","include":false},"document_id":"2B0F3FA8","chunk_id":"csetup_chunk","chunk_label":"setup"},{"row":47,"row_count":1,"visible":true,"expansion_state":0,"options":{"engine":"r","echo":true,"label":"unnamed-chunk-4"},"document_id":"2B0F3FA8","chunk_id":"ce5n2ofkc6qlt","chunk_label":"unnamed-chunk-1"},{"row":54,"row_count":1,"visible":true,"expansion_state":0,"options":{"engine":"r","echo":true,"label":"unnamed-chunk-5"},"document_id":"2B0F3FA8","chunk_id":"cs9rix9dq4w0h","chunk_label":"unnamed-chunk-2"},{"row":74,"row_count":1,"visible":true,"expansion_state":0,"options":{"engine":"r","echo":true,"label":"unnamed-chunk-6"},"document_id":"2B0F3FA8","chunk_id":"cxwgzldsg9a68","chunk_label":"unnamed-chunk-3"},{"row":85,"row_count":1,"visible":true,"expansion_state":0,"options":{"engine":"r","echo":true,"label":"unnamed-chunk-7"},"document_id":"2B0F3FA8","chunk_id":"c2bvbj1vyaml7","chunk_label":"unnamed-chunk-4"},{"row":116,"row_count":1,"visible":true,"expansion_state":0,"options":{"engine":"r","echo":true,"label":"unnamed-chunk-8"},"document_id":"2B0F3FA8","chunk_id":"c94coqfqgdgmm","chunk_label":"unnamed-chunk-5"},{"row":127,"row_count":1,"visible":true,"expansion_state":0,"options":{"engine":"r","echo":true,"label":"unnamed-chunk-9"},"document_id":"2B0F3FA8","chunk_id":"c9l53ocv29vlm","chunk_label":"unnamed-chunk-6"},{"row":157,"row_count":1,"visible":true,"expansion_state":0,"options":{"engine":"r","echo":true,"label":"unnamed-chunk-10"},"document_id":"2B0F3FA8","chunk_id":"c8ac8ap1no9rb","chunk_label":"unnamed-chunk-7"},{"row":190,"row_count":1,"visible":true,"expansion_state":0,"options":{"engine":"r","echo":true,"label":"unnamed-chunk-12"},"document_id":"2B0F3FA8","chunk_id":"cifccy45wncyy","chunk_label":"unnamed-chunk-8"},{"row":205,"row_count":1,"visible":true,"expansion_state":0,"options":{"engine":"r","echo":true,"label":"unnamed-chunk-13"},"document_id":"2B0F3FA8","chunk_id":"cuzzgmf2aejk1","chunk_label":"unnamed-chunk-9"}],"doc_write_time":1629838776,"working_dir":null,"default_chunk_options":{"echo":true}}