"0","cat(paste(c(""Correlation "",cor(dataset_airtime_arrdelay$air_time, dataset_airtime_arrdelay$arr_delay)),collapse = "" "" ))"
"1","Correlation  -0.0352970873912888"
"0","dataset$air_time_delay <- dataset$arr_delay - dataset$dep_delay"
"0",""
"0","dataset_airtime_airtimedelay <- subset(dataset, (!is.na(dataset$air_time)) & (!is.na(dataset$arr_delay)))"
"0",""
"0","ggplot(dataset_airtime_airtimedelay, aes(x=air_time, y=air_time_delay)) + "
"0","  geom_point()+"
"0","  geom_smooth(method = ""lm"")"
"2","`geom_smooth()` using formula 'y ~ x'
"
