"0","data_ha <- subset(dataset, (!is.na(dataset$distance)) & (!is.na(dataset$air_time)) & (!is.na(dataset$arr_delay)) & (!is.na(dataset$dep_time))& (dataset$carrier == ""HA""))"
"0","data_yv <- subset(dataset, (!is.na(dataset$distance)) & (!is.na(dataset$air_time)) & (!is.na(dataset$arr_delay)) & (!is.na(dataset$dep_time)) & (dataset$carrier == ""YV""))"
"0",""
"0","ggplot(data_ha, aes(x=distance, y=arr_delay)) + ggtitle(""HA"")+"
"0","  geom_point()+"
"0","  geom_smooth(method = ""lm"")"
"2","`geom_smooth()` using formula 'y ~ x'
"
