"0","data_f9 <- subset(dataset, (!is.na(dataset$distance)) & (!is.na(dataset$air_time)) & (!is.na(dataset$arr_delay)) & (dataset$carrier == ""F9""))"
"0","data_as <- subset(dataset, (!is.na(dataset$distance)) & (!is.na(dataset$air_time)) & (!is.na(dataset$arr_delay)) & (dataset$carrier == ""AS""))"
"0",""
"0","ggplot(data_f9, aes(x=distance, y=arr_delay)) + "
"0","  geom_point()+ggtitle(""unpünklichste Fluggesellschaft = Frontier Airline"")+"
"0","  geom_smooth(method = ""lm"")"
"2","`geom_smooth()` using formula 'y ~ x'
"
